ID,First Name,Last Name,Email,Address
1,KennY,gON,KENNY@MAIL.COM,kenny gon lane
2,Billy,Gin,billy@mail.com,billy gin lane
3,Smith,Adam,smith@mail.com,smith adam lane.
4,Tom,Davie,tom@mail.com,tom davies lane
5,jackie,Shan,jackie@mail.com,jackie shan lane
6,Wori,Len,wori@mail.com,wori len lane
7,Tainu,Whaleas,tainu@mail.com,Tainu whaleas lane
8,Wole,Soye,wole@mail.com,wole soye lane
9,Simi,Talu,simi@mail.com,simi talu
10,Simbi,Blue,simbi@mail.com,simbi blue lane
